2019-10-29 15:52:13 8400 -0400,gps,41.70216970214573,-86.23387989471432,65,0
2019-10-29 15:52:26 6100 -0400,gps,41.70222169899134,-86.23383188046358,65,0
2019-10-29 15:52:41 7530 -0400,gps,41.70224868062393,-86.23382206039885,200,0
2019-10-29 15:52:56 8710 -0400,gps,41.701846237489455,-86.23492761387567,128,0
2019-10-29 15:53:11 7380 -0400,gps,41.701846237489455,-86.23492761387567,48,0
2019-10-29 15:53:26 8370 -0400,gps,41.70184886161494,-86.23467483533011,48,0
2019-10-29 15:53:41 7950 -0400,gps,41.70188341447491,-86.23456855939419,48,0
2019-10-29 15:53:56 8320 -0400,gps,41.70185489412438,-86.23452548508605,32,0
2019-10-29 15:54:11 8340 -0400,gps,41.70184886138659,-86.23447504592932,32,0
2019-10-29 15:54:26 7380 -0400,gps,41.70184886138659,-86.23447504592932,32,0
2019-10-29 15:54:41 8360 -0400,gps,41.70188693225019,-86.23445459771213,32,0
2019-10-29 15:54:56 7940 -0400,gps,41.70191466975226,-86.23443640422758,32,0
2019-10-29 15:55:11 7880 -0400,gps,41.70191466975226,-86.23443640422758,32,0
2019-10-29 15:55:26 7830 -0400,gps,41.70191466975226,-86.23443640422758,48,0
2019-10-29 15:55:41 8910 -0400,gps,41.70191466975226,-86.23443640422758,48,0
2019-10-29 15:55:56 7370 -0400,gps,41.70192418144289,-86.23440157060108,48,0
2019-10-29 15:56:11 7340 -0400,gps,41.70192418144289,-86.23440157060108,48,0
2019-10-29 15:56:26 8370 -0400,gps,41.70192418144289,-86.23440157060108,48,0
2019-10-29 15:56:41 6850 -0400,gps,41.70192418144289,-86.23440157060108,32,0
2019-10-29 15:56:56 7340 -0400,gps,41.70192418144289,-86.23440157060108,32,0
2019-10-29 15:57:11 7300 -0400,gps,41.70192418144289,-86.23440157060108,32,0
2019-10-29 15:57:26 7340 -0400,gps,41.70192418144289,-86.23440157060108,48,0
2019-10-29 15:57:41 7360 -0400,gps,41.70192418144289,-86.23440157060108,48,0
2019-10-29 15:57:56 7850 -0400,gps,41.70192772623111,-86.23439687409092,48,0
2019-10-29 15:58:11 7950 -0400,gps,41.70192772623111,-86.23439687409092,48,0
2019-10-29 15:58:26 7790 -0400,gps,41.70192772623111,-86.23439687409092,48,0
2019-10-29 15:58:41 6570 -0400,gps,41.70180735365725,-86.2344846597905,48,0
2019-10-29 15:58:56 7110 -0400,gps,41.70180735365725,-86.2344846597905,48,0
2019-10-29 15:59:11 7760 -0400,gps,41.7021485348612,-86.23397812798422,65,0
2019-10-29 15:59:26 7750 -0400,gps,41.70216362592763,-86.23400223734777,65,0
2019-10-29 15:59:41 7770 -0400,gps,41.70219024133749,-86.23400545414246,65,0
2019-10-29 15:59:56 8520 -0400,gps,41.702205442172165,-86.23391754682478,65,0
2019-10-29 16:00:11 8520 -0400,gps,41.702192104293296,-86.23397250647703,65,0
2019-10-29 16:00:26 7760 -0400,gps,41.702207494498225,-86.23394808697515,65,0
2019-10-29 16:00:41 7670 -0400,gps,41.7022011107279,-86.23399127579854,65,0
2019-10-29 16:00:56 6940 -0400,gps,41.70221382631378,-86.23401847085785,65,0
2019-10-29 16:01:11 7700 -0400,gps,41.70220328745741,-86.23394343064258,65,0
2019-10-29 16:01:26 7750 -0400,gps,41.70222852170083,-86.23396420178278,65,0
2019-10-29 16:01:41 7730 -0400,gps,41.7022199404697,-86.23397841151647,65,0
2019-10-29 16:01:56 7710 -0400,gps,41.702204995914066,-86.2340745709495,65,0
2019-10-29 16:02:11 7720 -0400,gps,41.702224624476,-86.23396761074369,65,0
2019-10-29 16:02:26 7600 -0400,gps,41.702224788245346,-86.23398388445175,65,0
2019-10-29 16:02:41 6630 -0400,gps,41.70219228161323,-86.23392691386516,65,0
2019-10-29 16:02:56 7770 -0400,gps,41.7022243180028,-86.23393527320862,65,0
2019-10-29 16:03:11 6740 -0400,gps,41.702234725436576,-86.2338993614192,65,0
2019-10-29 16:03:26 7110 -0400,gps,41.70221644972419,-86.23399214525273,65,0
2019-10-29 16:03:41 7730 -0400,gps,41.702219683328956,-86.23397798732229,65,0
2019-10-29 16:03:56 7700 -0400,gps,41.702232068141605,-86.23394785263292,65,0
2019-10-29 16:04:11 7730 -0400,gps,41.70224533998315,-86.23387857936738,65,0
2019-10-29 16:04:26 8470 -0400,gps,41.702219328048194,-86.23390419963016,65,0
2019-10-29 16:04:41 7830 -0400,gps,41.70222098912457,-86.23388291445418,65,0
2019-10-29 16:04:56 7330 -0400,gps,41.70218753040371,-86.23395776421138,65,0
2019-10-29 16:05:11 7010 -0400,gps,41.702225444642195,-86.23391668785918,65,0
2019-10-29 16:05:26 7710 -0400,gps,41.7022131003701,-86.23399907443202,65,0
2019-10-29 16:05:41 7680 -0400,gps,41.70227064554645,-86.23385188908081,65,0
2019-10-29 16:05:56 6730 -0400,gps,41.70219870749643,-86.23400305247559,65,0
2019-10-29 16:06:11 6780 -0400,gps,41.70224399299662,-86.23394229078795,65,0
2019-10-29 16:06:26 7650 -0400,gps,41.702240881090546,-86.2340109067783,65,0
2019-10-29 16:06:41 6580 -0400,gps,41.70220197604965,-86.23401391072674,65,0
2019-10-29 16:06:56 7690 -0400,gps,41.702195825930986,-86.23395534616738,65,0
2019-10-29 16:07:11 8170 -0400,gps,41.70219547969723,-86.23399937223299,65,0
2019-10-29 16:07:26 7700 -0400,gps,41.70222378199269,-86.23390877089955,65,0
2019-10-29 16:07:41 7700 -0400,gps,41.70220430553285,-86.23391549511145,65,0
2019-10-29 16:07:56 7620 -0400,gps,41.70222147465369,-86.23398428020609,65,0
2019-10-29 16:08:11 7670 -0400,gps,41.702217940223,-86.23400232049997,65,0
2019-10-29 16:08:26 7460 -0400,gps,41.702211939918676,-86.23398465659822,65,0
2019-10-29 16:08:41 8420 -0400,gps,41.70222926017558,-86.23394455755697,65,0
2019-10-29 16:08:56 7660 -0400,gps,41.70222296025324,-86.23400288104148,65,0
2019-10-29 16:09:11 7480 -0400,gps,41.70222522645937,-86.23402426491938,65,0
2019-10-29 16:09:26 8430 -0400,gps,41.702182481700454,-86.23397328514653,65,0
2019-10-29 16:09:41 7630 -0400,gps,41.702234429195,-86.23400336003195,65,0
2019-10-29 16:09:56 8660 -0400,gps,41.70221893470802,-86.23398342787803,65,0
2019-10-29 16:10:11 7740 -0400,gps,41.70221857431923,-86.23399749452271,65,0
2019-10-29 16:10:26 7220 -0400,gps,41.70225017260254,-86.23383149031412,65,0
2019-10-29 16:10:41 7660 -0400,gps,41.70221459068067,-86.23391475429898,65,0
2019-10-29 16:10:56 7710 -0400,gps,41.702207733585404,-86.23397775470119,65,0
2019-10-29 16:11:11 7700 -0400,gps,41.70222773217642,-86.23396802459648,65,0
2019-10-29 16:11:26 7640 -0400,gps,41.70221226690248,-86.23401696320997,65,0
2019-10-29 16:11:41 8410 -0400,gps,41.70221546513959,-86.23398086009695,65,0
2019-10-29 16:11:56 8420 -0400,gps,41.70223823722356,-86.23383213650061,65,0
2019-10-29 16:12:11 7610 -0400,gps,41.70222223117962,-86.23392778262358,65,0
2019-10-29 16:12:26 7650 -0400,gps,41.70221304238326,-86.23402212793081,65,0
2019-10-29 16:12:41 7630 -0400,gps,41.70219156130083,-86.23394656429606,65,0
2019-10-29 16:12:56 8400 -0400,gps,41.702212012988525,-86.23396124731207,65,0
2019-10-29 16:13:11 8610 -0400,gps,41.70220073773077,-86.23394344655611,65,0
2019-10-29 16:13:26 7760 -0400,gps,41.70222076083589,-86.23391277805466,65,0
2019-10-29 16:13:41 8490 -0400,gps,41.70220831632656,-86.23403739687538,65,0
2019-10-29 16:13:56 8660 -0400,gps,41.70220236906722,-86.2339708944209,65,0
2019-10-29 16:14:11 7710 -0400,gps,41.702175114088014,-86.23398969109607,65,0
2019-10-29 16:14:26 7590 -0400,gps,41.70221115639342,-86.23394925749051,65,0
2019-10-29 16:14:41 8550 -0400,gps,41.70216156654798,-86.23398394302892,65,0
2019-10-29 16:14:56 7680 -0400,gps,41.70219802235503,-86.23392164686302,65,0
2019-10-29 16:15:11 7240 -0400,gps,41.7022292505391,-86.23390599653935,65,0
2019-10-29 16:15:26 7560 -0400,gps,41.70221405003608,-86.23389693151871,65,0
2019-10-29 16:15:41 7650 -0400,gps,41.702241307313784,-86.23395873271879,65,0
2019-10-29 16:15:56 7830 -0400,gps,41.702242617568196,-86.2339788204825,65,0
2019-10-29 16:16:11 7370 -0400,gps,41.70219955345559,-86.2340742624996,65,0
2019-10-29 16:16:26 7650 -0400,gps,41.70218272195486,-86.23400599424279,65,0
2019-10-29 16:16:41 7610 -0400,gps,41.70217788839721,-86.23397187613064,65,0
2019-10-29 16:16:56 7610 -0400,gps,41.702184282814954,-86.23392436032667,65,0
2019-10-29 16:17:11 7790 -0400,gps,41.70223917596556,-86.23390574574373,65,0
2019-10-29 16:17:26 8460 -0400,gps,41.70224366885971,-86.23393253905236,65,0
2019-10-29 16:17:41 7630 -0400,gps,41.70220881003413,-86.23402709368828,65,0
2019-10-29 16:17:56 7600 -0400,gps,41.70225341595728,-86.23385651870741,65,0
2019-10-29 16:18:11 8600 -0400,gps,41.70221354569298,-86.23393384668756,65,0
2019-10-29 16:18:26 7010 -0400,gps,41.70221193293418,-86.23401166333846,65,0
2019-10-29 16:18:41 7560 -0400,gps,41.70225974897668,-86.23388209162543,65,0
2019-10-29 16:18:56 7110 -0400,gps,41.702250114948484,-86.23389985697636,65,0
2019-10-29 16:19:11 7550 -0400,gps,41.70232889010916,-86.23392806330794,65,0
2019-10-29 16:19:26 6570 -0400,gps,41.70225582846203,-86.23393250492423,65,0
2019-10-29 16:19:41 8350 -0400,gps,41.70218629692437,-86.23397621270777,65,0
2019-10-29 16:19:56 9530 -0400,gps,41.702222082523086,-86.23398668175317,65,0
2019-10-29 16:20:11 8360 -0400,gps,41.7022362942933,-86.23400111700299,65,0
2019-10-29 16:20:26 8210 -0400,gps,41.70220971841349,-86.23396107498388,65,0
2019-10-29 16:20:41 8020 -0400,gps,41.70226919200769,-86.23390526463722,65,0
2019-10-29 16:20:56 6730 -0400,gps,41.7022007028341,-86.23395357740654,65,0
2019-10-29 16:21:11 8840 -0400,gps,41.70217160096878,-86.23393155456048,65,0
2019-10-29 16:21:15 6790 -0400,gps,41.7022362942933,-86.23400111700299,65,1
2019-10-29 16:21:20 6120 -0400,gps,41.7022362942933,-86.23400111700299,65,1
2019-10-29 16:21:25 5980 -0400,gps,41.7022362942933,-86.23400111700299,65,1
2019-10-29 16:21:30 6150 -0400,gps,41.7022362942933,-86.23400111700299,65,1
2019-10-29 16:21:35 6480 -0400,gps,41.7022362942933,-86.23400111700299,65,1
2019-10-29 16:21:40 6200 -0400,gps,41.7022362942933,-86.23400111700299,65,1
2019-10-29 16:21:56 7600 -0400,gps,41.70219011577036,-86.23392282032174,65,0
2019-10-29 16:22:11 7570 -0400,gps,41.70220547391232,-86.2339015194933,65,0
2019-10-29 16:22:26 6550 -0400,gps,41.70220560777035,-86.23402839702038,65,0
2019-10-29 16:22:41 7630 -0400,gps,41.70224017555836,-86.23389290365576,65,0
2019-10-29 16:22:56 7900 -0400,gps,41.702229707835784,-86.23401830355179,65,0
2019-10-29 16:23:00 5970 -0400,gps,41.70219011577036,-86.23392282032174,65,1
2019-10-29 16:23:05 6600 -0400,gps,41.70219011577036,-86.23392282032174,65,1
2019-10-29 16:23:10 6920 -0400,gps,41.70219011577036,-86.23392282032174,65,1
2019-10-29 16:23:15 6180 -0400,gps,41.70219011577036,-86.23392282032174,65,1
2019-10-29 16:23:20 6140 -0400,gps,41.70219011577036,-86.23392282032174,65,1
2019-10-29 16:23:25 6170 -0400,gps,41.70219011577036,-86.23392282032174,65,1
2019-10-29 16:23:30 6540 -0400,gps,41.70219011577036,-86.23392282032174,65,1
2019-10-29 16:23:35 7010 -0400,gps,41.70219011577036,-86.23392282032174,65,1
2019-10-29 16:23:40 5970 -0400,gps,41.70219011577036,-86.23392282032174,65,1
2019-10-29 16:23:45 5990 -0400,gps,41.70219011577036,-86.23392282032174,65,1
2019-10-29 16:23:50 6430 -0400,gps,41.70219011577036,-86.23392282032174,65,1
2019-10-29 16:23:55 6120 -0400,gps,41.70219011577036,-86.23392282032174,65,1
2019-10-29 16:24:00 6300 -0400,gps,41.70219011577036,-86.23392282032174,65,1
2019-10-29 16:24:05 6180 -0400,gps,41.70219011577036,-86.23392282032174,65,1
2019-10-29 16:24:10 6450 -0400,gps,41.70219011577036,-86.23392282032174,65,1
2019-10-29 16:24:15 6600 -0400,gps,41.70219011577036,-86.23392282032174,65,1
2019-10-29 16:24:20 6020 -0400,gps,41.70219011577036,-86.23392282032174,65,1
2019-10-29 16:24:25 6070 -0400,gps,41.70219011577036,-86.23392282032174,65,1
2019-10-29 16:24:30 6200 -0400,gps,41.70219011577036,-86.23392282032174,65,1
2019-10-29 16:24:35 6200 -0400,gps,41.70219011577036,-86.23392282032174,65,1
2019-10-29 16:24:40 6040 -0400,gps,41.70219011577036,-86.23392282032174,65,1
2019-10-29 16:24:45 6130 -0400,gps,41.70219011577036,-86.23392282032174,65,1
2019-10-29 16:24:50 6990 -0400,gps,41.7022362942933,-86.23400111700299,65,1
2019-10-29 16:24:55 6270 -0400,gps,41.7022362942933,-86.23400111700299,65,1
2019-10-29 16:25:00 6350 -0400,gps,41.7022362942933,-86.23400111700299,65,1
2019-10-29 16:25:16 8570 -0400,gps,41.70222898611316,-86.23391795607078,65,0
2019-10-29 16:25:25 6930 -0400,gps,41.7022362942933,-86.23400111700299,65,1
2019-10-29 16:25:30 6410 -0400,gps,41.7022362942933,-86.23400111700299,65,1
2019-10-29 16:25:31 6680 -0400,gps,41.7022036548551,-86.23391990507207,65,0
2019-10-29 16:25:40 6240 -0400,gps,41.70219011577036,-86.23392282032174,65,1
2019-10-29 16:25:45 6800 -0400,gps,41.70219011577036,-86.23392282032174,65,1
2019-10-29 16:25:46 7730 -0400,gps,41.70220955382912,-86.23391329436005,65,0
2019-10-29 16:25:50 6850 -0400,gps,41.70219011577036,-86.23392282032174,65,1
2019-10-29 16:25:55 5950 -0400,gps,41.70219011577036,-86.23392282032174,65,1
2019-10-29 16:26:00 6250 -0400,gps,41.70219011577036,-86.23392282032174,65,1
2019-10-29 16:26:05 6360 -0400,gps,41.70219011577036,-86.23392282032174,65,1
2019-10-29 16:26:10 6680 -0400,gps,41.70219011577036,-86.23392282032174,65,1
2019-10-29 16:26:15 6220 -0400,gps,41.70219011577036,-86.23392282032174,65,1
2019-10-29 16:26:20 5970 -0400,gps,41.70219011577036,-86.23392282032174,65,1
2019-10-29 16:26:25 5960 -0400,gps,41.70219011577036,-86.23392282032174,65,1
2019-10-29 16:26:30 6410 -0400,gps,41.70219011577036,-86.23392282032174,65,1
2019-10-29 16:26:35 5950 -0400,gps,41.70219011577036,-86.23392282032174,65,1
2019-10-29 16:26:40 6480 -0400,gps,41.70219011577036,-86.23392282032174,65,1
2019-10-29 16:26:45 6140 -0400,gps,41.70219011577036,-86.23392282032174,65,1
2019-10-29 16:26:50 6120 -0400,gps,41.70219011577036,-86.23392282032174,65,1
2019-10-29 16:26:55 5950 -0400,gps,41.70219011577036,-86.23392282032174,65,1
2019-10-29 16:27:00 6230 -0400,gps,41.70219011577036,-86.23392282032174,65,1
2019-10-29 16:27:05 6010 -0400,gps,41.70219011577036,-86.23392282032174,65,1
2019-10-29 16:27:10 6200 -0400,gps,41.70219011577036,-86.23392282032174,65,1
2019-10-29 16:27:15 6350 -0400,gps,41.70219011577036,-86.23392282032174,65,1
2019-10-29 16:27:20 6730 -0400,gps,41.70219011577036,-86.23392282032174,65,1
2019-10-29 16:27:25 6860 -0400,gps,41.70219011577036,-86.23392282032174,65,1
2019-10-29 16:27:30 6820 -0400,gps,41.70219011577036,-86.23392282032174,65,1
2019-10-29 16:27:35 5990 -0400,gps,41.70219011577036,-86.23392282032174,65,1
2019-10-29 16:27:40 6070 -0400,gps,41.70219011577036,-86.23392282032174,65,1
2019-10-29 16:27:45 6240 -0400,gps,41.70219011577036,-86.23392282032174,65,1
2019-10-29 16:27:50 6230 -0400,gps,41.70219011577036,-86.23392282032174,65,1
2019-10-29 16:27:55 6220 -0400,gps,41.70219011577036,-86.23392282032174,65,1
2019-10-29 16:28:00 6610 -0400,gps,41.70219011577036,-86.23392282032174,65,1
2019-10-29 16:28:05 6930 -0400,gps,41.70219011577036,-86.23392282032174,65,1
2019-10-29 16:28:10 6520 -0400,gps,41.70219011577036,-86.23392282032174,65,1
2019-10-29 16:28:15 6730 -0400,gps,41.70219011577036,-86.23392282032174,65,1
2019-10-29 16:28:20 6570 -0400,gps,41.70219011577036,-86.23392282032174,65,1
2019-10-29 16:28:25 6640 -0400,gps,41.70219011577036,-86.23392282032174,65,1
2019-10-29 16:28:30 6710 -0400,gps,41.70219011577036,-86.23392282032174,65,1
2019-10-29 16:28:35 6550 -0400,gps,41.70219011577036,-86.23392282032174,65,1
2019-10-29 16:28:40 6620 -0400,gps,41.70219011577036,-86.23392282032174,65,1
2019-10-29 16:28:45 6740 -0400,gps,41.70219011577036,-86.23392282032174,65,1
2019-10-29 16:28:50 6660 -0400,gps,41.70219011577036,-86.23392282032174,65,1
2019-10-29 16:28:55 6870 -0400,gps,41.70219011577036,-86.23392282032174,65,1
2019-10-29 16:29:00 6810 -0400,gps,41.70219011577036,-86.23392282032174,65,1
2019-10-29 16:29:05 6830 -0400,gps,41.70219011577036,-86.23392282032174,65,1
2019-10-29 16:29:21 8820 -0400,gps,41.70224715832982,-86.23392017952787,65,0
2019-10-29 16:29:36 7600 -0400,gps,41.702217737578415,-86.2339968950693,65,0
2019-10-29 16:29:51 8030 -0400,gps,41.70222311005208,-86.2339418145502,65,0
2019-10-29 16:30:06 8390 -0400,gps,41.70218953456724,-86.23397558735095,65,0
2019-10-29 16:30:10 6760 -0400,gps,41.70222898611316,-86.23391795607078,65,1
2019-10-29 16:30:15 6800 -0400,gps,41.7022362942933,-86.23400111700299,65,1
2019-10-29 16:30:20 6710 -0400,gps,41.7022362942933,-86.23400111700299,65,1
2019-10-29 16:30:25 6830 -0400,gps,41.7022362942933,-86.23400111700299,65,1
2019-10-29 16:30:30 6430 -0400,gps,41.7022362942933,-86.23400111700299,65,1
2019-10-29 16:30:35 6790 -0400,gps,41.7022362942933,-86.23400111700299,65,1
2019-10-29 16:30:40 6630 -0400,gps,41.7022362942933,-86.23400111700299,65,1
2019-10-29 16:30:45 6670 -0400,gps,41.70222898611316,-86.23391795607078,65,1
2019-10-29 16:30:50 6690 -0400,gps,41.70222898611316,-86.23391795607078,65,1
2019-10-29 16:30:55 6780 -0400,gps,41.70222898611316,-86.23391795607078,65,1
2019-10-29 16:31:00 6740 -0400,gps,41.70222898611316,-86.23391795607078,65,1
2019-10-29 16:31:05 6850 -0400,gps,41.70222898611316,-86.23391795607078,65,1
2019-10-29 16:31:10 6910 -0400,gps,41.70222898611316,-86.23391795607078,65,1
2019-10-29 16:31:15 6830 -0400,gps,41.70222898611316,-86.23391795607078,65,1
2019-10-29 16:31:20 6760 -0400,gps,41.7022362942933,-86.23400111700299,65,1
2019-10-29 16:31:25 6470 -0400,gps,41.7022362942933,-86.23400111700299,65,1
2019-10-29 16:31:30 6930 -0400,gps,41.7022362942933,-86.23400111700299,65,1
2019-10-29 16:31:35 5840 -0400,gps,41.7022362942933,-86.23400111700299,65,1
2019-10-29 16:31:40 6010 -0400,gps,41.7022362942933,-86.23400111700299,65,1
2019-10-29 16:31:45 6210 -0400,gps,41.7022362942933,-86.23400111700299,65,1
2019-10-29 16:31:50 5890 -0400,gps,41.7022362942933,-86.23400111700299,65,1
2019-10-29 16:31:55 6690 -0400,gps,41.7022362942933,-86.23400111700299,65,1
2019-10-29 16:32:00 6390 -0400,gps,41.7022362942933,-86.23400111700299,65,1
2019-10-29 16:32:05 6100 -0400,gps,41.7022362942933,-86.23400111700299,65,1
2019-10-29 16:32:10 6270 -0400,gps,41.7022362942933,-86.23400111700299,65,1
2019-10-29 16:32:15 6830 -0400,gps,41.7022362942933,-86.23400111700299,65,1
2019-10-29 16:32:20 6120 -0400,gps,41.70222898611316,-86.23391795607078,65,1
2019-10-29 16:32:25 6010 -0400,gps,41.70222898611316,-86.23391795607078,65,1
2019-10-29 16:32:30 6140 -0400,gps,41.70222898611316,-86.23391795607078,65,1
2019-10-29 16:32:35 5850 -0400,gps,41.70222898611316,-86.23391795607078,65,1
2019-10-29 16:32:40 6120 -0400,gps,41.70222898611316,-86.23391795607078,65,1
2019-10-29 16:32:45 6350 -0400,gps,41.70222898611316,-86.23391795607078,65,1
2019-10-29 16:32:50 6020 -0400,gps,41.70222898611316,-86.23391795607078,65,1
2019-10-29 16:32:55 6360 -0400,gps,41.7022362942933,-86.23400111700299,65,1
2019-10-29 16:33:00 6460 -0400,gps,41.7022362942933,-86.23400111700299,65,1
2019-10-29 16:33:05 6210 -0400,gps,41.7022362942933,-86.23400111700299,65,1
2019-10-29 16:33:10 5890 -0400,gps,41.7022362942933,-86.23400111700299,65,1
2019-10-29 16:33:15 5960 -0400,gps,41.7022362942933,-86.23400111700299,65,1
2019-10-29 16:33:20 6460 -0400,gps,41.7022362942933,-86.23400111700299,65,1
2019-10-29 16:33:25 6170 -0400,gps,41.7022362942933,-86.23400111700299,65,1
2019-10-29 16:33:30 6070 -0400,gps,41.7022362942933,-86.23400111700299,65,1
2019-10-29 16:33:35 6050 -0400,gps,41.70222898611316,-86.23391795607078,65,1
2019-10-29 16:33:40 6000 -0400,gps,41.70222898611316,-86.23391795607078,65,1
2019-10-29 16:33:45 5970 -0400,gps,41.70222898611316,-86.23391795607078,65,1
2019-10-29 16:33:50 6600 -0400,gps,41.70222898611316,-86.23391795607078,65,1
2019-10-29 16:33:55 5890 -0400,gps,41.70222898611316,-86.23391795607078,65,1
2019-10-29 16:34:00 6060 -0400,gps,41.70222898611316,-86.23391795607078,65,1
2019-10-29 16:34:05 6310 -0400,gps,41.70222898611316,-86.23391795607078,65,1
2019-10-29 16:34:10 6100 -0400,gps,41.70222898611316,-86.23391795607078,65,1
2019-10-29 16:34:15 6140 -0400,gps,41.70222898611316,-86.23391795607078,65,1
2019-10-29 16:34:20 6710 -0400,gps,41.70222898611316,-86.23391795607078,65,1
2019-10-29 16:34:25 5900 -0400,gps,41.70222898611316,-86.23391795607078,65,1
2019-10-29 16:34:30 5890 -0400,gps,41.70222898611316,-86.23391795607078,65,1
2019-10-29 16:34:35 6360 -0400,gps,41.70222898611316,-86.23391795607078,65,1
2019-10-29 16:34:40 6570 -0400,gps,41.70222898611316,-86.23391795607078,65,1
2019-10-29 16:34:45 5900 -0400,gps,41.70222898611316,-86.23391795607078,65,1
2019-10-29 16:34:50 5960 -0400,gps,41.70222898611316,-86.23391795607078,65,1
2019-10-29 16:34:55 6730 -0400,gps,41.70222898611316,-86.23391795607078,65,1
2019-10-29 16:35:00 5860 -0400,gps,41.70222898611316,-86.23391795607078,65,1
2019-10-29 16:35:05 6040 -0400,gps,41.70222898611316,-86.23391795607078,65,1
2019-10-29 16:35:10 6170 -0400,gps,41.70222898611316,-86.23391795607078,65,1
2019-10-29 16:35:15 6550 -0400,gps,41.70222898611316,-86.23391795607078,65,1
2019-10-29 16:35:20 6620 -0400,gps,41.70222898611316,-86.23391795607078,65,1
2019-10-29 16:35:25 6450 -0400,gps,41.70222898611316,-86.23391795607078,65,1
2019-10-29 16:35:30 6200 -0400,gps,41.70222898611316,-86.23391795607078,65,1
2019-10-29 16:35:35 5920 -0400,gps,41.70222898611316,-86.23391795607078,65,1
2019-10-29 16:35:40 6100 -0400,gps,41.70222898611316,-86.23391795607078,65,1
2019-10-29 16:35:45 6700 -0400,gps,41.70222898611316,-86.23391795607078,65,1
2019-10-29 16:35:50 6700 -0400,gps,41.70222898611316,-86.23391795607078,65,1
2019-10-29 16:35:55 5980 -0400,gps,41.70222898611316,-86.23391795607078,65,1
2019-10-29 16:36:00 5870 -0400,gps,41.70222898611316,-86.23391795607078,65,1
2019-10-29 16:36:05 6740 -0400,gps,41.70222898611316,-86.23391795607078,65,1
2019-10-29 16:36:10 6440 -0400,gps,41.70222898611316,-86.23391795607078,65,1
2019-10-29 16:36:15 6680 -0400,gps,41.70222898611316,-86.23391795607078,65,1
2019-10-29 16:36:20 6310 -0400,gps,41.70222898611316,-86.23391795607078,65,1
2019-10-29 16:36:25 6760 -0400,gps,41.70222898611316,-86.23391795607078,65,1
2019-10-29 16:36:30 6530 -0400,gps,41.70222898611316,-86.23391795607078,65,1
2019-10-29 16:36:35 5960 -0400,gps,41.70222898611316,-86.23391795607078,65,1
2019-10-29 16:36:40 5970 -0400,gps,41.70222898611316,-86.23391795607078,65,1
2019-10-29 16:36:45 5960 -0400,gps,41.7022362942933,-86.23400111700299,65,1
2019-10-29 16:36:50 6030 -0400,gps,41.7022362942933,-86.23400111700299,65,1
2019-10-29 16:36:55 6140 -0400,gps,41.7022362942933,-86.23400111700299,65,1
2019-10-29 16:37:00 5870 -0400,gps,41.7022362942933,-86.23400111700299,65,1
2019-10-29 16:37:05 6420 -0400,gps,41.7022362942933,-86.23400111700299,65,1
2019-10-29 16:37:10 5900 -0400,gps,41.7022362942933,-86.23400111700299,65,1
2019-10-29 16:37:15 6500 -0400,gps,41.7022362942933,-86.23400111700299,65,1
2019-10-29 16:37:20 6560 -0400,gps,41.7022362942933,-86.23400111700299,65,1
2019-10-29 16:37:25 5900 -0400,gps,41.7022362942933,-86.23400111700299,65,1
2019-10-29 16:37:30 6640 -0400,gps,41.7022362942933,-86.23400111700299,65,1
2019-10-29 16:37:35 6080 -0400,gps,41.7022362942933,-86.23400111700299,65,1
2019-10-29 16:37:40 5970 -0400,gps,41.7022362942933,-86.23400111700299,65,1
2019-10-29 16:37:45 6550 -0400,gps,41.7022362942933,-86.23400111700299,65,1
2019-10-29 16:37:50 6000 -0400,gps,41.7022362942933,-86.23400111700299,65,1
2019-10-29 16:37:55 5940 -0400,gps,41.7022362942933,-86.23400111700299,65,1
2019-10-29 16:38:00 6120 -0400,gps,41.7022362942933,-86.23400111700299,65,1
2019-10-29 16:38:05 5880 -0400,gps,41.7022362942933,-86.23400111700299,65,1
2019-10-29 16:38:10 6060 -0400,gps,41.7022362942933,-86.23400111700299,65,1
2019-10-29 16:38:15 6030 -0400,gps,41.7022362942933,-86.23400111700299,65,1
2019-10-29 16:38:20 5860 -0400,gps,41.7022362942933,-86.23400111700299,65,1
2019-10-29 16:38:25 7660 -0400,gps,41.7022362942933,-86.23400111700299,65,1
2019-10-29 16:38:30 5930 -0400,gps,41.7022362942933,-86.23400111700299,65,1
2019-10-29 16:38:35 6050 -0400,gps,41.7022362942933,-86.23400111700299,65,1
2019-10-29 16:38:40 6410 -0400,gps,41.7022362942933,-86.23400111700299,65,1
2019-10-29 16:38:45 5890 -0400,gps,41.7022362942933,-86.23400111700299,65,1
2019-10-29 16:38:50 6080 -0400,gps,41.7022362942933,-86.23400111700299,65,1
2019-10-29 16:38:55 6320 -0400,gps,41.7022362942933,-86.23400111700299,65,1
2019-10-29 16:39:00 6250 -0400,gps,41.70219011577036,-86.23392282032174,65,1
2019-10-29 16:39:05 6600 -0400,gps,41.70219011577036,-86.23392282032174,65,1
2019-10-29 16:39:10 6130 -0400,gps,41.70219011577036,-86.23392282032174,65,1
2019-10-29 16:39:15 6550 -0400,gps,41.70219011577036,-86.23392282032174,65,1
2019-10-29 16:39:20 5930 -0400,gps,41.70219011577036,-86.23392282032174,65,1
2019-10-29 16:39:25 5850 -0400,gps,41.70219011577036,-86.23392282032174,65,1
2019-10-29 16:39:30 6090 -0400,gps,41.70219011577036,-86.23392282032174,65,1
2019-10-29 16:39:35 6000 -0400,gps,41.70219011577036,-86.23392282032174,65,1
2019-10-29 16:39:40 5850 -0400,gps,41.70219011577036,-86.23392282032174,65,1
2019-10-29 16:39:45 5860 -0400,gps,41.70219011577036,-86.23392282032174,65,1
2019-10-29 16:39:50 6280 -0400,gps,41.70219011577036,-86.23392282032174,65,1
2019-10-29 16:39:55 6670 -0400,gps,41.70219011577036,-86.23392282032174,65,1
2019-10-29 16:40:00 6740 -0400,gps,41.70219011577036,-86.23392282032174,65,1
2019-10-29 16:40:05 6560 -0400,gps,41.70219011577036,-86.23392282032174,65,1
2019-10-29 16:40:10 6000 -0400,gps,41.70219011577036,-86.23392282032174,65,1
2019-10-29 16:40:15 6730 -0400,gps,41.70219011577036,-86.23392282032174,65,1
2019-10-29 16:40:20 5860 -0400,gps,41.70219011577036,-86.23392282032174,65,1
2019-10-29 16:40:25 6250 -0400,gps,41.70219011577036,-86.23392282032174,65,1
2019-10-29 16:40:30 6560 -0400,gps,41.70219011577036,-86.23392282032174,65,1
2019-10-29 16:40:35 5900 -0400,gps,41.70219011577036,-86.23392282032174,65,1
2019-10-29 16:40:40 6050 -0400,gps,41.70219011577036,-86.23392282032174,65,1
2019-10-29 16:40:45 6710 -0400,gps,41.70219011577036,-86.23392282032174,65,1
2019-10-29 16:40:50 6190 -0400,gps,41.70219011577036,-86.23392282032174,65,1
2019-10-29 16:40:55 5900 -0400,gps,41.70219011577036,-86.23392282032174,65,1
2019-10-29 16:41:00 5990 -0400,gps,41.70219011577036,-86.23392282032174,65,1
2019-10-29 16:41:05 5840 -0400,gps,41.70219011577036,-86.23392282032174,65,1
2019-10-29 16:41:10 6090 -0400,gps,41.70222898611316,-86.23391795607078,65,1
2019-10-29 16:41:15 5870 -0400,gps,41.70222898611316,-86.23391795607078,65,1
2019-10-29 16:41:20 5930 -0400,gps,41.7022362942933,-86.23400111700299,65,1
2019-10-29 16:41:25 5850 -0400,gps,41.7022362942933,-86.23400111700299,65,1
2019-10-29 16:41:30 6810 -0400,gps,41.7022362942933,-86.23400111700299,65,1
2019-10-29 16:41:35 6020 -0400,gps,41.7022362942933,-86.23400111700299,65,1
2019-10-29 16:41:40 6250 -0400,gps,41.7022362942933,-86.23400111700299,65,1
2019-10-29 16:41:45 5790 -0400,gps,41.7022362942933,-86.23400111700299,65,1
2019-10-29 16:41:50 6490 -0400,gps,41.7022362942933,-86.23400111700299,65,1
2019-10-29 16:41:56 4300 -0400,gps,41.7022362942933,-86.23400111700299,65,1
2019-10-29 16:42:12 1480 -0400,gps,41.70216282282079,-86.233971306102,65,0
2019-10-29 16:42:26 8490 -0400,gps,41.702211724765974,-86.23401231894655,65,0
2019-10-29 16:42:41 7470 -0400,gps,41.70219629692926,-86.23392519284012,65,0
2019-10-29 16:42:56 8970 -0400,gps,41.702250738031246,-86.23401829270784,65,0
2019-10-29 16:43:11 8470 -0400,gps,41.7022502001645,-86.23398500187403,65,0
2019-10-29 16:43:15 6160 -0400,gps,41.70216282282079,-86.233971306102,65,1
2019-10-29 16:43:20 6710 -0400,gps,41.70216282282079,-86.233971306102,65,1
2019-10-29 16:43:25 6100 -0400,gps,41.70216282282079,-86.233971306102,65,1
2019-10-29 16:43:30 6730 -0400,gps,41.70216282282079,-86.233971306102,65,1
2019-10-29 16:43:35 6110 -0400,gps,41.70216282282079,-86.233971306102,65,1
2019-10-29 16:43:40 6060 -0400,gps,41.70216282282079,-86.233971306102,65,1
2019-10-29 16:43:45 6140 -0400,gps,41.70216282282079,-86.233971306102,65,1
2019-10-29 16:43:50 6110 -0400,gps,41.70216282282079,-86.233971306102,65,1
2019-10-29 16:43:55 7730 -0400,gps,41.70216282282079,-86.233971306102,65,1
2019-10-29 16:44:00 9500 -0400,gps,41.70216282282079,-86.233971306102,65,1
2019-10-29 16:44:16 8500 -0400,gps,41.702202227930755,-86.23393965057377,65,0
2019-10-29 16:44:31 6970 -0400,gps,41.70218278913931,-86.23401206810428,65,0
2019-10-29 16:44:46 6960 -0400,gps,41.70221754523989,-86.23402579153498,65,0
2019-10-29 16:45:01 7970 -0400,gps,41.70220318413247,-86.23402816436953,65,0
2019-10-29 16:45:16 7960 -0400,gps,41.70219850432203,-86.23400308492742,65,0
2019-10-29 16:45:20 6100 -0400,gps,41.702202227930755,-86.23393965057377,65,1
2019-10-29 16:45:25 6680 -0400,gps,41.702202227930755,-86.23393965057377,65,1
2019-10-29 16:45:30 6710 -0400,gps,41.702202227930755,-86.23393965057377,65,1
2019-10-29 16:45:35 6610 -0400,gps,41.702202227930755,-86.23393965057377,65,1
2019-10-29 16:45:40 6600 -0400,gps,41.702202227930755,-86.23393965057377,65,1
2019-10-29 16:45:45 6880 -0400,gps,41.702202227930755,-86.23393965057377,65,1
2019-10-29 16:45:50 6600 -0400,gps,41.702202227930755,-86.23393965057377,65,1
2019-10-29 16:45:55 6600 -0400,gps,41.702202227930755,-86.23393965057377,65,1
2019-10-29 16:46:00 6550 -0400,gps,41.702202227930755,-86.23393965057377,65,1
2019-10-29 16:46:05 6600 -0400,gps,41.702202227930755,-86.23393965057377,65,1
2019-10-29 16:46:10 6650 -0400,gps,41.702202227930755,-86.23393965057377,65,1
2019-10-29 16:46:15 6610 -0400,gps,41.702202227930755,-86.23393965057377,65,1
2019-10-29 16:46:20 6590 -0400,gps,41.702202227930755,-86.23393965057377,65,1
2019-10-29 16:46:25 6690 -0400,gps,41.702202227930755,-86.23393965057377,65,1
2019-10-29 16:46:30 6610 -0400,gps,41.702202227930755,-86.23393965057377,65,1
2019-10-29 16:46:35 6610 -0400,gps,41.702202227930755,-86.23393965057377,65,1
2019-10-29 16:46:40 6750 -0400,gps,41.702202227930755,-86.23393965057377,65,1
2019-10-29 16:46:45 6770 -0400,gps,41.702202227930755,-86.23393965057377,65,1
2019-10-29 16:46:50 6110 -0400,gps,41.702202227930755,-86.23393965057377,65,1
2019-10-29 16:46:55 6080 -0400,gps,41.702202227930755,-86.23393965057377,65,1
2019-10-29 16:47:00 6100 -0400,gps,41.702202227930755,-86.23393965057377,65,1
2019-10-29 16:47:05 6060 -0400,gps,41.702202227930755,-86.23393965057377,65,1
2019-10-29 16:47:10 6070 -0400,gps,41.702202227930755,-86.23393965057377,65,1
2019-10-29 16:47:15 6080 -0400,gps,41.702202227930755,-86.23393965057377,65,1
2019-10-29 16:47:20 6550 -0400,gps,41.702202227930755,-86.23393965057377,65,1
2019-10-29 16:47:25 6580 -0400,gps,41.702202227930755,-86.23393965057377,65,1
2019-10-29 16:47:30 6580 -0400,gps,41.702202227930755,-86.23393965057377,65,1
2019-10-29 16:47:35 6530 -0400,gps,41.702202227930755,-86.23393965057377,65,1
2019-10-29 16:47:40 6510 -0400,gps,41.702202227930755,-86.23393965057377,65,1
2019-10-29 16:47:45 6530 -0400,gps,41.702202227930755,-86.23393965057377,65,1
2019-10-29 16:47:50 6610 -0400,gps,41.702202227930755,-86.23393965057377,65,1
2019-10-29 16:47:55 6630 -0400,gps,41.702202227930755,-86.23393965057377,65,1
2019-10-29 16:48:00 6640 -0400,gps,41.702202227930755,-86.23393965057377,65,1
2019-10-29 16:48:05 6600 -0400,gps,41.702202227930755,-86.23393965057377,65,1
2019-10-29 16:48:10 6580 -0400,gps,41.702202227930755,-86.23393965057377,65,1
2019-10-29 16:48:15 6660 -0400,gps,41.702202227930755,-86.23393965057377,65,1
2019-10-29 16:48:20 6650 -0400,gps,41.702202227930755,-86.23393965057377,65,1
2019-10-29 16:48:25 6670 -0400,gps,41.702202227930755,-86.23393965057377,65,1
2019-10-29 16:48:30 6710 -0400,gps,41.702202227930755,-86.23393965057377,65,1
2019-10-29 16:48:35 6150 -0400,gps,41.702202227930755,-86.23393965057377,65,1
2019-10-29 16:48:40 6020 -0400,gps,41.702202227930755,-86.23393965057377,65,1
2019-10-29 16:48:45 6160 -0400,gps,41.702202227930755,-86.23393965057377,65,1
2019-10-29 16:48:50 6120 -0400,gps,41.702202227930755,-86.23393965057377,65,1
2019-10-29 16:48:55 6170 -0400,gps,41.702202227930755,-86.23393965057377,65,1
2019-10-29 16:49:00 6150 -0400,gps,41.702202227930755,-86.23393965057377,65,1
2019-10-29 16:49:05 6090 -0400,gps,41.702202227930755,-86.23393965057377,65,1
2019-10-29 16:49:10 6150 -0400,gps,41.702202227930755,-86.23393965057377,65,1
2019-10-29 16:49:15 6620 -0400,gps,41.702202227930755,-86.23393965057377,65,1
2019-10-29 16:49:20 6050 -0400,gps,41.702202227930755,-86.23393965057377,65,1
2019-10-29 16:49:25 6050 -0400,gps,41.702202227930755,-86.23393965057377,65,1
2019-10-29 16:49:30 6160 -0400,gps,41.702202227930755,-86.23393965057377,65,1
2019-10-29 16:49:35 6150 -0400,gps,41.702202227930755,-86.23393965057377,65,1
2019-10-29 16:49:40 6150 -0400,gps,41.702202227930755,-86.23393965057377,65,1
2019-10-29 16:49:45 6090 -0400,gps,41.702202227930755,-86.23393965057377,65,1
2019-10-29 16:49:50 6630 -0400,gps,41.702202227930755,-86.23393965057377,65,1
2019-10-29 16:49:55 6140 -0400,gps,41.702202227930755,-86.23393965057377,65,1
2019-10-29 16:50:00 6060 -0400,gps,41.702202227930755,-86.23393965057377,65,1
2019-10-29 16:50:05 6160 -0400,gps,41.702202227930755,-86.23393965057377,65,1
2019-10-29 16:50:10 6050 -0400,gps,41.702202227930755,-86.23393965057377,65,1
2019-10-29 16:50:15 5920 -0400,gps,41.702202227930755,-86.23393965057377,65,1
2019-10-29 16:50:20 6380 -0400,gps,41.702202227930755,-86.23393965057377,65,1
2019-10-29 16:50:25 6220 -0400,gps,41.702202227930755,-86.23393965057377,65,1
2019-10-29 16:50:30 5920 -0400,gps,41.702202227930755,-86.23393965057377,65,1
2019-10-29 16:50:35 5900 -0400,gps,41.702202227930755,-86.23393965057377,65,1
2019-10-29 16:50:40 5850 -0400,gps,41.70216282282079,-86.233971306102,65,1
2019-10-29 16:50:45 6070 -0400,gps,41.70216282282079,-86.233971306102,65,1
2019-10-29 16:50:50 5780 -0400,gps,41.70216282282079,-86.233971306102,65,1
2019-10-29 16:50:55 5990 -0400,gps,41.70216282282079,-86.233971306102,65,1
2019-10-29 16:51:00 5770 -0400,gps,41.70216282282079,-86.233971306102,65,1
2019-10-29 16:51:05 5920 -0400,gps,41.70216282282079,-86.233971306102,65,1
2019-10-29 16:51:10 5770 -0400,gps,41.70216282282079,-86.233971306102,65,1
2019-10-29 16:51:15 5860 -0400,gps,41.702202227930755,-86.23393965057377,65,1
2019-10-29 16:51:20 6070 -0400,gps,41.702202227930755,-86.23393965057377,65,1
2019-10-29 16:51:25 5780 -0400,gps,41.702202227930755,-86.23393965057377,65,1
2019-10-29 16:51:30 5790 -0400,gps,41.702202227930755,-86.23393965057377,65,1
2019-10-29 16:51:35 6500 -0400,gps,41.702202227930755,-86.23393965057377,65,1
2019-10-29 16:51:40 5930 -0400,gps,41.702202227930755,-86.23393965057377,65,1
2019-10-29 16:51:45 6150 -0400,gps,41.702202227930755,-86.23393965057377,65,1
2019-10-29 16:51:50 5860 -0400,gps,41.702202227930755,-86.23393965057377,65,1
2019-10-29 16:51:55 6070 -0400,gps,41.702202227930755,-86.23393965057377,65,1
2019-10-29 16:52:00 5790 -0400,gps,41.702202227930755,-86.23393965057377,65,1
2019-10-29 16:52:05 6020 -0400,gps,41.702202227930755,-86.23393965057377,65,1
2019-10-29 16:52:10 6220 -0400,gps,41.702202227930755,-86.23393965057377,65,1
2019-10-29 16:52:15 5930 -0400,gps,41.702202227930755,-86.23393965057377,65,1
2019-10-29 16:52:20 5760 -0400,gps,41.702202227930755,-86.23393965057377,65,1
2019-10-29 16:52:25 5860 -0400,gps,41.702202227930755,-86.23393965057377,65,1
2019-10-29 16:52:30 5960 -0400,gps,41.702202227930755,-86.23393965057377,65,1
2019-10-29 16:52:35 5790 -0400,gps,41.702202227930755,-86.23393965057377,65,1
2019-10-29 16:52:40 6000 -0400,gps,41.702202227930755,-86.23393965057377,65,1
2019-10-29 16:52:45 5760 -0400,gps,41.702202227930755,-86.23393965057377,65,1
2019-10-29 16:52:50 5990 -0400,gps,41.702202227930755,-86.23393965057377,65,1
2019-10-29 16:52:55 6180 -0400,gps,41.702202227930755,-86.23393965057377,65,1
2019-10-29 16:53:00 5930 -0400,gps,41.702202227930755,-86.23393965057377,65,1
2019-10-29 16:53:05 6170 -0400,gps,41.702202227930755,-86.23393965057377,65,1
2019-10-29 16:53:10 5900 -0400,gps,41.702202227930755,-86.23393965057377,65,1
2019-10-29 16:53:15 6120 -0400,gps,41.702202227930755,-86.23393965057377,65,1
2019-10-29 16:53:20 5880 -0400,gps,41.702202227930755,-86.23393965057377,65,1
2019-10-29 16:53:25 6690 -0400,gps,41.702202227930755,-86.23393965057377,65,1
2019-10-29 16:53:30 5890 -0400,gps,41.702202227930755,-86.23393965057377,65,1
2019-10-29 16:53:35 5910 -0400,gps,41.702202227930755,-86.23393965057377,65,1
2019-10-29 16:53:40 6230 -0400,gps,41.702202227930755,-86.23393965057377,65,1
2019-10-29 16:53:45 5970 -0400,gps,41.702202227930755,-86.23393965057377,65,1
2019-10-29 16:53:50 6170 -0400,gps,41.702202227930755,-86.23393965057377,65,1
2019-10-29 16:53:55 6520 -0400,gps,41.702202227930755,-86.23393965057377,65,1
2019-10-29 16:54:00 6090 -0400,gps,41.702202227930755,-86.23393965057377,65,1
2019-10-29 16:54:05 6310 -0400,gps,41.702202227930755,-86.23393965057377,65,1
2019-10-29 16:54:10 6020 -0400,gps,41.702202227930755,-86.23393965057377,65,1
2019-10-29 16:54:15 5910 -0400,gps,41.702202227930755,-86.23393965057377,65,1
2019-10-29 16:54:20 5940 -0400,gps,41.702202227930755,-86.23393965057377,65,1
2019-10-29 16:54:25 6160 -0400,gps,41.702202227930755,-86.23393965057377,65,1
2019-10-29 16:54:30 6380 -0400,gps,41.702202227930755,-86.23393965057377,65,1
2019-10-29 16:54:35 6100 -0400,gps,41.702202227930755,-86.23393965057377,65,1
2019-10-29 16:54:40 6310 -0400,gps,41.702202227930755,-86.23393965057377,65,1
2019-10-29 16:54:45 6020 -0400,gps,41.702202227930755,-86.23393965057377,65,1
2019-10-29 16:54:50 6240 -0400,gps,41.702202227930755,-86.23393965057377,65,1
2019-10-29 16:54:55 5950 -0400,gps,41.702202227930755,-86.23393965057377,65,1
2019-10-29 16:55:00 5920 -0400,gps,41.702202227930755,-86.23393965057377,65,1
2019-10-29 16:55:05 5900 -0400,gps,41.702202227930755,-86.23393965057377,65,1
2019-10-29 16:55:10 5910 -0400,gps,41.702202227930755,-86.23393965057377,65,1
2019-10-29 16:55:22 9880 -0400,gps,41.702202227930755,-86.23393965057377,65,1
2019-10-29 16:55:25 6960 -0400,gps,41.702202227930755,-86.23393965057377,65,1
2019-10-29 16:55:30 5970 -0400,gps,41.702202227930755,-86.23393965057377,65,1
2019-10-29 16:55:35 6160 -0400,gps,41.702202227930755,-86.23393965057377,65,1
2019-10-29 16:55:40 5990 -0400,gps,41.702202227930755,-86.23393965057377,65,1
2019-10-29 16:55:45 5960 -0400,gps,41.702202227930755,-86.23393965057377,65,1
2019-10-29 16:55:50 5950 -0400,gps,41.702202227930755,-86.23393965057377,65,1
2019-10-29 16:55:55 6020 -0400,gps,41.702202227930755,-86.23393965057377,65,1
2019-10-29 16:56:00 6240 -0400,gps,41.702202227930755,-86.23393965057377,65,1
2019-10-29 16:56:05 5960 -0400,gps,41.702202227930755,-86.23393965057377,65,1
2019-10-29 16:56:10 5920 -0400,gps,41.702202227930755,-86.23393965057377,65,1
2019-10-29 16:56:15 6110 -0400,gps,41.702202227930755,-86.23393965057377,65,1
2019-10-29 16:56:20 6090 -0400,gps,41.702202227930755,-86.23393965057377,65,1
2019-10-29 16:56:25 6300 -0400,gps,41.702202227930755,-86.23393965057377,65,1
2019-10-29 16:56:30 6020 -0400,gps,41.702202227930755,-86.23393965057377,65,1
2019-10-29 16:56:35 5890 -0400,gps,41.702202227930755,-86.23393965057377,65,1
2019-10-29 16:56:40 6230 -0400,gps,41.702202227930755,-86.23393965057377,65,1
2019-10-29 16:56:45 6610 -0400,gps,41.702202227930755,-86.23393965057377,65,1
2019-10-29 16:56:50 6310 -0400,gps,41.702202227930755,-86.23393965057377,65,1
2019-10-29 16:56:55 6030 -0400,gps,41.702202227930755,-86.23393965057377,65,1
2019-10-29 16:57:00 5980 -0400,gps,41.702202227930755,-86.23393965057377,65,1
2019-10-29 16:57:05 5950 -0400,gps,41.702202227930755,-86.23393965057377,65,1
2019-10-29 16:57:10 6170 -0400,gps,41.702202227930755,-86.23393965057377,65,1
2019-10-29 16:57:15 5890 -0400,gps,41.702202227930755,-86.23393965057377,65,1
2019-10-29 16:57:20 6100 -0400,gps,41.702202227930755,-86.23393965057377,65,1
2019-10-29 16:57:25 5990 -0400,gps,41.702202227930755,-86.23393965057377,65,1
2019-10-29 16:57:30 6020 -0400,gps,41.702202227930755,-86.23393965057377,65,1
2019-10-29 16:57:35 6230 -0400,gps,41.702202227930755,-86.23393965057377,65,1
2019-10-29 16:57:40 5950 -0400,gps,41.702202227930755,-86.23393965057377,65,1
2019-10-29 16:57:45 6180 -0400,gps,41.702202227930755,-86.23393965057377,65,1
2019-10-29 16:57:50 5930 -0400,gps,41.702202227930755,-86.23393965057377,65,1
2019-10-29 16:57:55 5910 -0400,gps,41.702202227930755,-86.23393965057377,65,1
2019-10-29 16:58:00 5990 -0400,gps,41.702202227930755,-86.23393965057377,65,1
2019-10-29 16:58:05 6020 -0400,gps,41.702202227930755,-86.23393965057377,65,1
2019-10-29 16:58:10 6230 -0400,gps,41.702202227930755,-86.23393965057377,65,1
2019-10-29 16:58:15 5940 -0400,gps,41.702202227930755,-86.23393965057377,65,1
2019-10-29 16:58:20 6160 -0400,gps,41.702202227930755,-86.23393965057377,65,1
2019-10-29 16:58:25 6160 -0400,gps,41.702202227930755,-86.23393965057377,65,1
2019-10-29 16:58:30 5900 -0400,gps,41.702202227930755,-86.23393965057377,65,1
2019-10-29 16:58:35 6300 -0400,gps,41.702202227930755,-86.23393965057377,65,1
2019-10-29 16:58:40 6010 -0400,gps,41.702202227930755,-86.23393965057377,65,1
2019-10-29 16:58:45 5880 -0400,gps,41.702202227930755,-86.23393965057377,65,1
2019-10-29 16:58:50 5930 -0400,gps,41.702202227930755,-86.23393965057377,65,1
2019-10-29 16:58:55 6150 -0400,gps,41.702202227930755,-86.23393965057377,65,1
2019-10-29 16:59:00 6140 -0400,gps,41.702202227930755,-86.23393965057377,65,1
2019-10-29 16:59:05 6350 -0400,gps,41.702202227930755,-86.23393965057377,65,1
2019-10-29 16:59:10 5880 -0400,gps,41.702202227930755,-86.23393965057377,65,1
2019-10-29 16:59:15 6500 -0400,gps,41.70216282282079,-86.233971306102,65,1
2019-10-29 16:59:20 5880 -0400,gps,41.70216282282079,-86.233971306102,65,1
2019-10-29 16:59:25 5960 -0400,gps,41.70216282282079,-86.233971306102,65,1
2019-10-29 16:59:30 6160 -0400,gps,41.70216282282079,-86.233971306102,65,1
2019-10-29 16:59:35 6110 -0400,gps,41.70216282282079,-86.233971306102,65,1
2019-10-29 16:59:40 5930 -0400,gps,41.70216282282079,-86.233971306102,65,1
2019-10-29 16:59:45 6410 -0400,gps,41.7022362942933,-86.23400111700299,65,1
2019-10-29 16:59:50 9810 -0400,gps,41.7022362942933,-86.23400111700299,65,1
2019-10-29 16:59:55 6220 -0400,gps,41.7022362942933,-86.23400111700299,65,1
2019-10-29 17:00:00 5930 -0400,gps,41.7022362942933,-86.23400111700299,65,1
2019-10-29 17:00:05 6140 -0400,gps,41.7022362942933,-86.23400111700299,65,1
2019-10-29 17:00:10 6100 -0400,gps,41.7022362942933,-86.23400111700299,65,1
2019-10-29 17:00:15 5900 -0400,gps,41.7022362942933,-86.23400111700299,65,1
2019-10-29 17:00:20 5880 -0400,gps,41.7022362942933,-86.23400111700299,65,1
2019-10-29 17:00:25 6180 -0400,gps,41.7022362942933,-86.23400111700299,65,1
2019-10-29 17:00:30 5790 -0400,gps,41.70222898611316,-86.23391795607078,65,1
2019-10-29 17:00:35 6810 -0400,gps,41.70222898611316,-86.23391795607078,65,1
2019-10-29 17:00:51 6740 -0400,gps,41.702485129568046,-86.23410364104032,65,0
2019-10-29 17:01:06 9520 -0400,gps,41.70260037387743,-86.23399213195252,65,0
2019-10-29 17:01:22 2880 -0400,gps,41.70258059911044,-86.2341298183602,65,0
2019-10-29 17:01:36 8420 -0400,gps,41.70256881356494,-86.23416491012593,65,0
2019-10-29 17:01:51 7110 -0400,gps,41.70245995690429,-86.23425186003479,65,0
2019-10-29 17:02:43 3930 -0400,label,walking,start
2019-10-29 17:02:56 7780 -0400,gps,41.70251090812552,-86.23431858888709,65,0
2019-10-29 17:03:11 1830 -0400,gps,41.702643102934964,-86.2343181082494,65,0
2019-10-29 17:03:25 9890 -0400,gps,41.702471692833875,-86.23434749488209,65,0
2019-10-29 17:03:41 1880 -0400,gps,41.70242889037086,-86.23436203620543,65,0
2019-10-29 17:03:56 1530 -0400,gps,41.70250189557983,-86.23443851869692,65,0
2019-10-29 17:04:11 1470 -0400,gps,41.70246015426585,-86.23434099355354,65,0
2019-10-29 17:04:26 0490 -0400,gps,41.702515077901,-86.23425822409256,65,0
2019-10-29 17:04:41 1080 -0400,gps,41.70261999398204,-86.23460057380542,65,0
2019-10-29 17:04:44 9740 -0400,gps,41.70242889037086,-86.23436203620543,65,1
2019-10-29 17:04:49 9820 -0400,gps,41.70242889037086,-86.23436203620543,65,1
2019-10-29 17:04:55 0090 -0400,gps,41.70242889037086,-86.23436203620543,65,1
2019-10-29 17:05:00 0170 -0400,gps,41.70242889037086,-86.23436203620543,65,1
2019-10-29 17:05:04 9740 -0400,gps,41.70242889037086,-86.23436203620543,65,1
2019-10-29 17:05:09 9690 -0400,gps,41.70242889037086,-86.23436203620543,65,1
2019-10-29 17:05:14 9730 -0400,gps,41.70242889037086,-86.23436203620543,65,1
2019-10-29 17:05:19 9790 -0400,gps,41.70242889037086,-86.23436203620543,65,1
2019-10-29 17:05:24 9740 -0400,gps,41.70242889037086,-86.23436203620543,65,1
2019-10-29 17:05:34 9730 -0400,gps,41.702202227930755,-86.23393965057377,65,1
2019-10-29 17:05:40 0450 -0400,gps,41.702202227930755,-86.23393965057377,65,1
2019-10-29 17:05:41 1660 -0400,gps,41.70230916639003,-86.23414177466454,65,0
2019-10-29 17:05:44 9740 -0400,gps,41.70216282282079,-86.233971306102,65,1
2019-10-29 17:06:01 2330 -0400,gps,41.702031174507255,-86.23428019136806,48,0
2019-10-29 17:06:16 0620 -0400,gps,41.70184793028448,-86.23432990862776,12,0
2019-10-29 17:06:31 1730 -0400,gps,41.701670787865716,-86.23425041193335,16,0
2019-10-29 17:06:36 1100 -0400,gps,41.70162510016862,-86.23424350288138,8,0
2019-10-29 17:06:41 1860 -0400,gps,41.7015665053573,-86.23422984346782,6,0
2019-10-29 17:06:46 0610 -0400,gps,41.701501237649204,-86.23422370540771,8,0
2019-10-29 17:06:51 1210 -0400,gps,41.70142570831659,-86.23423511935718,8,0
2019-10-29 17:06:56 1080 -0400,gps,41.70134700160218,-86.23421631357395,6,0
2019-10-29 17:07:02 0590 -0400,gps,41.70128204310452,-86.23420723027496,8,0
2019-10-29 17:07:06 0600 -0400,gps,41.70124797424906,-86.23416950641786,6,0
2019-10-29 17:07:11 1610 -0400,gps,41.701187633577504,-86.23416363165404,8,0
2019-10-29 17:07:16 0770 -0400,gps,41.70111534441354,-86.23416150730371,8,0
2019-10-29 17:07:21 0170 -0400,gps,41.70103129115578,-86.23412563811605,8,0
2019-10-29 17:07:26 0640 -0400,gps,41.70096700089218,-86.2341006122046,8,0
2019-10-29 17:07:31 0670 -0400,gps,41.70091684776721,-86.23410054808073,8,0
2019-10-29 17:07:36 0180 -0400,gps,41.70085308179859,-86.2340904911189,8,0
2019-10-29 17:07:41 0770 -0400,gps,41.70079557118464,-86.23407174304316,8,0
2019-10-29 17:07:46 0710 -0400,gps,41.70072614983901,-86.23407666413044,8,0
2019-10-29 17:07:51 1720 -0400,gps,41.700666118987186,-86.23406437234418,8,0
2019-10-29 17:07:54 9830 -0400,gps,41.70079557118464,-86.23407174304316,8,1
2019-10-29 17:07:59 9950 -0400,gps,41.70079557118464,-86.23407174304316,8,1
2019-10-29 17:08:04 9840 -0400,gps,41.70079557118464,-86.23407174304316,8,1
2019-10-29 17:08:09 9990 -0400,gps,41.70079557118464,-86.23407174304316,8,1
2019-10-29 17:08:26 0700 -0400,gps,41.69991344701022,-86.23427889583526,24,0
2019-10-29 17:08:41 0700 -0400,gps,41.69978713147991,-86.23446186191984,12,0
2019-10-29 17:08:46 2580 -0400,gps,41.699780851508706,-86.23439899258831,8,0
2019-10-29 17:08:51 0800 -0400,gps,41.69973871650067,-86.23441844349004,8,0
2019-10-29 17:08:54 9960 -0400,gps,41.699780851508706,-86.23439899258831,8,1
2019-10-29 17:08:59 9940 -0400,gps,41.699780851508706,-86.23439899258831,8,1
2019-10-29 17:09:04 9960 -0400,gps,41.699780851508706,-86.23439899258831,8,1
2019-10-29 17:09:09 9960 -0400,gps,41.699780851508706,-86.23439899258831,8,1
2019-10-29 17:09:15 0420 -0400,gps,41.699780851508706,-86.23439899258831,8,1
2019-10-29 17:09:19 9690 -0400,gps,41.699780851508706,-86.23439899258831,8,1
2019-10-29 17:09:25 0440 -0400,gps,41.699780851508706,-86.23439899258831,8,1
2019-10-29 17:09:29 9710 -0400,gps,41.699780851508706,-86.23439899258831,8,1
2019-10-29 17:09:35 0010 -0400,gps,41.699780851508706,-86.23439899258831,8,1
2019-10-29 17:09:39 9770 -0400,gps,41.699780851508706,-86.23439899258831,8,1
2019-10-29 17:09:45 0010 -0400,gps,41.699780851508706,-86.23439899258831,8,1
2019-10-29 17:09:49 9840 -0400,gps,41.699780851508706,-86.23439899258831,8,1
2019-10-29 17:09:54 9990 -0400,gps,41.699780851508706,-86.23439899258831,8,1
2019-10-29 17:09:59 9870 -0400,gps,41.699780851508706,-86.23439899258831,8,1
2019-10-29 17:10:05 0030 -0400,gps,41.699780851508706,-86.23439899258831,8,1
2019-10-29 17:10:09 9970 -0400,gps,41.699780851508706,-86.23439899258831,8,1
2019-10-29 17:10:26 1880 -0400,gps,41.69900639762065,-86.23553184382686,65,0
2019-10-29 17:10:31 8100 -0400,label,walking,end
2019-10-29 17:10:41 0840 -0400,gps,41.69896968826017,-86.23554149228175,65,0
2019-10-29 17:10:56 2050 -0400,gps,41.69866500592368,-86.23558358738357,65,0
2019-10-29 17:11:11 2050 -0400,gps,41.69832091759935,-86.23560133735556,65,0
2019-10-29 17:11:26 2360 -0400,gps,41.69788302177272,-86.23552335654426,65,0
2019-10-29 17:11:41 2400 -0400,gps,41.697807459589185,-86.23549696378367,65,0
2019-10-29 17:11:56 2500 -0400,gps,41.69779042569135,-86.23548814468985,65,0
2019-10-29 17:12:11 3230 -0400,gps,41.697773565342615,-86.23548583066801,65,0
2019-10-29 17:12:26 1230 -0400,gps,41.697776177439735,-86.23548461390683,65,0
2019-10-29 17:13:43 6460 -0400,gps,41.69778145621676,-86.23548073356416,65,0
2019-10-29 17:13:58 6260 -0400,gps,41.697775343108944,-86.23548576677217,65,0
2019-10-29 17:14:13 8530 -0400,gps,41.69777302444754,-86.23548755021407,65,0
2019-10-29 17:14:17 4250 -0400,gps,41.697776177439735,-86.23548461390683,65,1
2019-10-29 17:14:22 4260 -0400,gps,41.697776177439735,-86.23548461390683,65,1
2019-10-29 17:14:27 4480 -0400,gps,41.697776177439735,-86.23548461390683,65,1
2019-10-29 17:14:32 4200 -0400,gps,41.697776177439735,-86.23548461390683,65,1
2019-10-29 17:14:37 4220 -0400,gps,41.697776177439735,-86.23548461390683,65,1
2019-10-29 17:14:42 4320 -0400,gps,41.697776177439735,-86.23548461390683,65,1
2019-10-29 17:14:47 4340 -0400,gps,41.697776177439735,-86.23548461390683,65,1
2019-10-29 17:14:52 4250 -0400,gps,41.697776177439735,-86.23548461390683,65,1
2019-10-29 17:14:57 4270 -0400,gps,41.697776177439735,-86.23548461390683,65,1
2019-10-29 17:15:02 4990 -0400,gps,41.697776177439735,-86.23548461390683,65,1
2019-10-29 17:15:07 4200 -0400,gps,41.697776177439735,-86.23548461390683,65,1
2019-10-29 17:15:12 4250 -0400,gps,41.697776177439735,-86.23548461390683,65,1
2019-10-29 17:15:17 4330 -0400,gps,41.697776177439735,-86.23548461390683,65,1
2019-10-29 17:15:22 4340 -0400,gps,41.697776177439735,-86.23548461390683,65,1
2019-10-29 17:15:27 4250 -0400,gps,41.697776177439735,-86.23548461390683,65,1
2019-10-29 17:15:32 4270 -0400,gps,41.697776177439735,-86.23548461390683,65,1
2019-10-29 17:15:37 4180 -0400,gps,41.697776177439735,-86.23548461390683,65,1
2019-10-29 17:15:42 4190 -0400,gps,41.697776177439735,-86.23548461390683,65,1
2019-10-29 17:15:47 4250 -0400,gps,41.697776177439735,-86.23548461390683,65,1
2019-10-29 17:15:52 4340 -0400,gps,41.697776177439735,-86.23548461390683,65,1
2019-10-29 17:15:57 4340 -0400,gps,41.697776177439735,-86.23548461390683,65,1
2019-10-29 17:16:02 4250 -0400,gps,41.697776177439735,-86.23548461390683,65,1
2019-10-29 17:16:07 4270 -0400,gps,41.697776177439735,-86.23548461390683,65,1
2019-10-29 17:16:12 4700 -0400,gps,41.697776177439735,-86.23548461390683,65,1
2019-10-29 17:16:17 4390 -0400,gps,41.697776177439735,-86.23548461390683,65,1
2019-10-29 17:16:22 4400 -0400,gps,41.697776177439735,-86.23548461390683,65,1
2019-10-29 17:16:27 4420 -0400,gps,41.697776177439735,-86.23548461390683,65,1
2019-10-29 17:16:32 4530 -0400,gps,41.697776177439735,-86.23548461390683,65,1
2019-10-29 17:16:37 4550 -0400,gps,41.697776177439735,-86.23548461390683,65,1
2019-10-29 17:16:42 4580 -0400,gps,41.697776177439735,-86.23548461390683,65,1
2019-10-29 17:16:47 4670 -0400,gps,41.697776177439735,-86.23548461390683,65,1
2019-10-29 17:16:52 4680 -0400,gps,41.697776177439735,-86.23548461390683,65,1
2019-10-29 17:16:57 4740 -0400,gps,41.697776177439735,-86.23548461390683,65,1
2019-10-29 17:17:02 4810 -0400,gps,41.697776177439735,-86.23548461390683,65,1
2019-10-29 17:17:07 4990 -0400,gps,41.697776177439735,-86.23548461390683,65,1
2019-10-29 17:17:12 4890 -0400,gps,41.697776177439735,-86.23548461390683,65,1
2019-10-29 17:17:17 4950 -0400,gps,41.697776177439735,-86.23548461390683,65,1
2019-10-29 17:17:25 8050 -0400,gps,41.697776177439735,-86.23548461390683,65,1
2019-10-29 17:17:27 5090 -0400,gps,41.697776177439735,-86.23548461390683,65,1
2019-10-29 17:17:32 5090 -0400,gps,41.697776177439735,-86.23548461390683,65,1
2019-10-29 17:17:37 5180 -0400,gps,41.697776177439735,-86.23548461390683,65,1
2019-10-29 17:17:42 6550 -0400,gps,41.697776177439735,-86.23548461390683,65,1
2019-10-29 17:17:47 5010 -0400,gps,41.697776177439735,-86.23548461390683,65,1
2019-10-29 17:17:52 4240 -0400,gps,41.697776177439735,-86.23548461390683,65,1
2019-10-29 17:17:57 4680 -0400,gps,41.697776177439735,-86.23548461390683,65,1
2019-10-29 17:18:02 4450 -0400,gps,41.697776177439735,-86.23548461390683,65,1
2019-10-29 17:18:07 4310 -0400,gps,41.697776177439735,-86.23548461390683,65,1
2019-10-29 17:18:12 4220 -0400,gps,41.697776177439735,-86.23548461390683,65,1
2019-10-29 17:18:17 5250 -0400,gps,41.697776177439735,-86.23548461390683,65,1
2019-10-29 17:18:22 4440 -0400,gps,41.697776177439735,-86.23548461390683,65,1
2019-10-29 17:18:27 4170 -0400,gps,41.697776177439735,-86.23548461390683,65,1
2019-10-29 17:18:32 4390 -0400,gps,41.697776177439735,-86.23548461390683,65,1
2019-10-29 17:18:37 4310 -0400,gps,41.697776177439735,-86.23548461390683,65,1
2019-10-29 17:18:42 4310 -0400,gps,41.697776177439735,-86.23548461390683,65,1
2019-10-29 17:18:47 4230 -0400,gps,41.697776177439735,-86.23548461390683,65,1
2019-10-29 17:18:52 4300 -0400,gps,41.697776177439735,-86.23548461390683,65,1
2019-10-29 17:18:57 4460 -0400,gps,41.697776177439735,-86.23548461390683,65,1
2019-10-29 17:19:02 4370 -0400,gps,41.697776177439735,-86.23548461390683,65,1
2019-10-29 17:19:07 4380 -0400,gps,41.697776177439735,-86.23548461390683,65,1
2019-10-29 17:19:12 4300 -0400,gps,41.697776177439735,-86.23548461390683,65,1
2019-10-29 17:19:17 4310 -0400,gps,41.697776177439735,-86.23548461390683,65,1
2019-10-29 17:19:22 4220 -0400,gps,41.697776177439735,-86.23548461390683,65,1
2019-10-29 17:19:27 4240 -0400,gps,41.697776177439735,-86.23548461390683,65,1
2019-10-29 17:19:32 4240 -0400,gps,41.697776177439735,-86.23548461390683,65,1
2019-10-29 17:19:37 4390 -0400,gps,41.697776177439735,-86.23548461390683,65,1
2019-10-29 17:19:42 4380 -0400,gps,41.697776177439735,-86.23548461390683,65,1
2019-10-29 17:19:47 4340 -0400,gps,41.697776177439735,-86.23548461390683,65,1
2019-10-29 17:19:52 4310 -0400,gps,41.697776177439735,-86.23548461390683,65,1
2019-10-29 17:19:57 5020 -0400,gps,41.697776177439735,-86.23548461390683,65,1
2019-10-29 17:20:02 4230 -0400,gps,41.697776177439735,-86.23548461390683,65,1
2019-10-29 17:20:07 4240 -0400,gps,41.697776177439735,-86.23548461390683,65,1
2019-10-29 17:20:12 4350 -0400,gps,41.697776177439735,-86.23548461390683,65,1
2019-10-29 17:20:17 4230 -0400,gps,41.697776177439735,-86.23548461390683,65,1
2019-10-29 17:20:22 4280 -0400,gps,41.697776177439735,-86.23548461390683,65,1
2019-10-29 17:20:27 4290 -0400,gps,41.697776177439735,-86.23548461390683,65,1
2019-10-29 17:20:32 4200 -0400,gps,41.697776177439735,-86.23548461390683,65,1
2019-10-29 17:20:37 4220 -0400,gps,41.697776177439735,-86.23548461390683,65,1
2019-10-29 17:20:42 4420 -0400,gps,41.697776177439735,-86.23548461390683,65,1
2019-10-29 17:20:47 4340 -0400,gps,41.697776177439735,-86.23548461390683,65,1
2019-10-29 17:20:52 4360 -0400,gps,41.697776177439735,-86.23548461390683,65,1
2019-10-29 17:20:57 4260 -0400,gps,41.697776177439735,-86.23548461390683,65,1
2019-10-29 17:21:02 4280 -0400,gps,41.697776177439735,-86.23548461390683,65,1
2019-10-29 17:21:07 4270 -0400,gps,41.697776177439735,-86.23548461390683,65,1
2019-10-29 17:21:12 4240 -0400,gps,41.697776177439735,-86.23548461390683,65,1
2019-10-29 17:21:17 4420 -0400,gps,41.697776177439735,-86.23548461390683,65,1
2019-10-29 17:21:22 4320 -0400,gps,41.697776177439735,-86.23548461390683,65,1
2019-10-29 17:21:27 4340 -0400,gps,41.697776177439735,-86.23548461390683,65,1
2019-10-29 17:21:32 4250 -0400,gps,41.697776177439735,-86.23548461390683,65,1
2019-10-29 17:21:37 4260 -0400,gps,41.697776177439735,-86.23548461390683,65,1
2019-10-29 17:21:42 4170 -0400,gps,41.697776177439735,-86.23548461390683,65,1
2019-10-29 17:21:47 4190 -0400,gps,41.697776177439735,-86.23548461390683,65,1
2019-10-29 17:21:52 4400 -0400,gps,41.697776177439735,-86.23548461390683,65,1
2019-10-29 17:21:57 4850 -0400,gps,41.697776177439735,-86.23548461390683,65,1
2019-10-29 17:22:02 4320 -0400,gps,41.697776177439735,-86.23548461390683,65,1
2019-10-29 17:22:07 4230 -0400,gps,41.697776177439735,-86.23548461390683,65,1
2019-10-29 17:22:12 4250 -0400,gps,41.697776177439735,-86.23548461390683,65,1
2019-10-29 17:22:17 4160 -0400,gps,41.697776177439735,-86.23548461390683,65,1
2019-10-29 17:22:22 4170 -0400,gps,41.697776177439735,-86.23548461390683,65,1
2019-10-29 17:22:27 4380 -0400,gps,41.697776177439735,-86.23548461390683,65,1
2019-10-29 17:22:32 4290 -0400,gps,41.697776177439735,-86.23548461390683,65,1
2019-10-29 17:22:37 4310 -0400,gps,41.697776177439735,-86.23548461390683,65,1
2019-10-29 17:22:42 4220 -0400,gps,41.697776177439735,-86.23548461390683,65,1
2019-10-29 17:22:47 4240 -0400,gps,41.697776177439735,-86.23548461390683,65,1
2019-10-29 17:22:52 4440 -0400,gps,41.697776177439735,-86.23548461390683,65,1
2019-10-29 17:22:57 4150 -0400,gps,41.697776177439735,-86.23548461390683,65,1
2019-10-29 17:23:02 4190 -0400,gps,41.697776177439735,-86.23548461390683,65,1
2019-10-29 17:23:07 4280 -0400,gps,41.697776177439735,-86.23548461390683,65,1
2019-10-29 17:23:12 4290 -0400,gps,41.697776177439735,-86.23548461390683,65,1
2019-10-29 17:23:17 4200 -0400,gps,41.697776177439735,-86.23548461390683,65,1
2019-10-29 17:23:22 4210 -0400,gps,41.697776177439735,-86.23548461390683,65,1
2019-10-29 17:23:27 4220 -0400,gps,41.697776177439735,-86.23548461390683,65,1
2019-10-29 17:23:32 4340 -0400,gps,41.697776177439735,-86.23548461390683,65,1
2019-10-29 17:23:37 4360 -0400,gps,41.697776177439735,-86.23548461390683,65,1
2019-10-29 17:23:42 4260 -0400,gps,41.697776177439735,-86.23548461390683,65,1
2019-10-29 17:23:47 4270 -0400,gps,41.697776177439735,-86.23548461390683,65,1
2019-10-29 17:23:52 4180 -0400,gps,41.697776177439735,-86.23548461390683,65,1
